,I_CaII,I_CaII_Rneg,I_CaII_err,I_Ha06,I_Ha06_Rneg,I_Ha06_err,I_NaI,I_NaI_Rneg,I_NaI_err,SNR,bjd,file,instr,obj,rv
0,0.18792932647780794,0.0,0.0002962833975790877,0.12216494421147131,0.0,0.00011301031808807674,0.18692049419961956,0.0,0.0001450291905913589,276.1,2456827.83287047,teste_download/HD192310/HD192310_HARPS/ADP/ADP.2014-10-07T08:35:28.177.fits,HARPS,HD192310,-54192.999999999985
1,0.18427332704944993,0.0,0.00037391222747350814,0.12184822221254783,0.0,0.00012042989349124079,0.18603821710280832,0.0,0.00015890581570349803,234.55,2456803.89595148,teste_download/HD192310/HD192310_HARPS/ADP/ADP.2014-10-07T08:34:32.813.fits,HARPS,HD192310,-54192.999999999985
3,0.15962759514917338,0.0,0.0002502328537028968,0.1190459874971093,0.0,8.905336895628529e-05,0.18356190737885023,0.0,0.00011919104472019677,312.0,2456079.81450339,teste_download/HD192310/HD192310_HARPS/ADP/ADP.2014-09-26T16:54:14.223.fits,HARPS,HD192310,-54192.999999999985
4,0.1441461268647874,0.0,0.0002482563375697529,0.11614570939780916,0.0,0.00010257512959827166,0.1843644873325224,0.0,0.0001394291994568102,279.15,2455349.83488871,teste_download/HD192310/HD192310_HARPS/ADP/ADP.2014-09-24T09:43:35.460.fits,HARPS,HD192310,-54192.999999999985
5,0.1454343452719283,0.0,0.0004109301114730068,0.11668974676899671,0.0,0.00016378972785201812,0.18353823993892912,0.0,0.0002210451821502026,170.7,2455727.79691778,teste_download/HD192310/HD192310_HARPS/ADP/ADP.2014-09-25T15:36:35.430.fits,HARPS,HD192310,-54192.999999999985
6,0.1431971571367112,0.0,0.000377210068135122,0.1160258336289193,0.0,0.00015659218689845583,0.1815053698917303,0.0,0.0002124801100582255,181.3,2455141.49006263,teste_download/HD192310/HD192310_HARPS/ADP/ADP.2014-09-23T11:04:02.327.fits,HARPS,HD192310,-54192.999999999985
7,0.1577288427089725,0.0,0.00031015508501458397,0.11853505631936852,0.0,0.00012242389569668203,0.18559176672937305,0.0,0.00016165392240858492,242.9,2456120.7950507,teste_download/HD192310/HD192310_HARPS/ADP/ADP.2014-09-26T16:54:55.200.fits,HARPS,HD192310,-54192.999999999985
8,0.1469487970736116,0.0,0.00021868502508466352,0.1164854603647297,0.0,8.531058548678868e-05,0.185054562011211,0.0,0.0001142032265094479,342.2,2455435.72897524,teste_download/HD192310/HD192310_HARPS/ADP/ADP.2014-09-24T09:42:34.197.fits,HARPS,HD192310,-54192.999999999985
9,0.14311337450457506,0.0,0.00021915622196944128,0.11625486596474767,0.0,0.00010049952797999783,0.18266444719972996,0.0,0.00013397214749663472,299.75,2455135.5192433,teste_download/HD192310/HD192310_HARPS/ADP/ADP.2014-09-23T11:02:00.513.fits,HARPS,HD192310,-54192.999999999985
10,0.18074708569696699,0.0,0.0003148539985374899,0.12138164908407484,0.0,0.0001097606552467797,0.18662804753482615,0.0,0.0001433823410019623,270.4,2456857.7677946,teste_download/HD192310/HD192310_HARPS/ADP/ADP.2014-10-07T08:35:51.340.fits,HARPS,HD192310,-54192.999999999985
11,0.159794763701176,0.0,0.000267445287968111,0.11890476211490579,0.0,9.215191657929152e-05,0.18463271837939216,0.0,0.00012467063739003725,295.3,2456078.78359334,teste_download/HD192310/HD192310_HARPS/ADP/ADP.2014-09-26T16:52:24.980.fits,HARPS,HD192310,-54192.999999999985
12,0.16992852565800906,0.0,0.0005001228678863636,0.12039737765308607,0.0,0.00015620399016141152,0.18547580964586302,0.0,0.00021195674715835376,168.15,2456398.85831465,teste_download/HD192310/HD192310_HARPS/ADP/ADP.2014-10-06T10:06:07.690.fits,HARPS,HD192310,-54192.999999999985
13,0.16496944969040517,0.0,0.00045668088312402074,0.12050180453191446,0.0,0.00015311033873945327,0.19211415761084488,0.0,0.00020424090694674986,200.75,2457662.67028403,teste_download/HD192310/HD192310_HARPS/ADP/ADP.2016-10-02T01:02:55.843.fits,HARPS,HD192310,-54192.999999999985
14,0.19096647591044252,0.0,0.000296342012013792,0.12366618739046117,0.0,9.328523518758548e-05,0.1922807489382822,0.0,0.0001219357950536481,333.85,2457266.68090526,teste_download/HD192310/HD192310_HARPS/ADP/ADP.2015-09-03T23:56:06.573.fits,HARPS,HD192310,-54192.999999999985
15,0.2003277245801249,0.0,0.00045935273865389733,0.12219486918012572,0.0,0.00013793071903357511,0.1787323840714069,0.0,0.00019244444361681372,206.7,2453344.50811801,teste_download/HD192310/HD192310_HARPS/ADP/ADP.2014-10-01T10:19:09.557.fits,HARPS,HD192310,-54192.999999999985
16,0.14594685172883481,0.0,0.000349618477854257,0.1169422098698755,0.0,0.00014595773654366511,0.18454808584430063,0.0,0.00019879285587828767,196.9,2455054.77841708,teste_download/HD192310/HD192310_HARPS/ADP/ADP.2014-09-23T11:06:10.313.fits,HARPS,HD192310,-54192.999999999985
17,0.14725830012330474,0.0,0.0002021779136512734,0.1166388529723653,0.0,8.604974325295415e-05,0.18227761139347798,0.0,0.0001158648741973546,341.7,2455111.61668115,teste_download/HD192310/HD192310_HARPS/ADP/ADP.2014-09-23T11:04:39.043.fits,HARPS,HD192310,-54192.999999999985
18,0.18321573080385326,0.0,0.00044697143146464304,0.12166567786727042,0.0,0.00014929930920891345,0.18612528047976237,0.0,0.00019910566545249575,186.45,2456804.80779526,teste_download/HD192310/HD192310_HARPS/ADP/ADP.2014-10-07T08:35:29.190.fits,HARPS,HD192310,-54192.999999999985
19,0.14515806094156625,0.0,0.0002821592418373275,0.11664019292512703,0.0,0.00010532703878322158,0.1837507541839069,0.0,0.00014331643390449428,264.15,2455399.77261959,teste_download/HD192310/HD192310_HARPS/ADP/ADP.2014-09-24T09:41:55.510.fits,HARPS,HD192310,-54192.999999999985
20,0.1438454190743347,0.0,0.0002332336700359019,0.11642209601224542,0.0,0.0001022036662783415,0.18478128537641356,0.0,0.00013480737769329163,300.7,2455495.52416872,teste_download/HD192310/HD192310_HARPS/ADP/ADP.2014-09-24T09:44:50.443.fits,HARPS,HD192310,-54192.999999999985
21,0.18727936360410416,0.0,0.00031945721863619426,0.12227367600149922,0.0,9.635656248760068e-05,0.1858096036334538,0.0,0.00012656339155770016,291.65,2456826.86064325,teste_download/HD192310/HD192310_HARPS/ADP/ADP.2014-10-07T08:35:44.620.fits,HARPS,HD192310,-54192.999999999985
22,0.16014288887075065,0.0,0.0002426325915754973,0.11881980169855982,0.0,8.724815099682983e-05,0.18416495607066954,0.0,0.00011666099393358639,321.25,2456079.73511095,teste_download/HD192310/HD192310_HARPS/ADP/ADP.2014-09-26T16:52:15.377.fits,HARPS,HD192310,-54192.999999999985
23,0.18695408608010852,0.0,0.00034890903383482226,0.12279701130345615,0.0,0.00011080986462627236,0.18580649872757243,0.0,0.00014491077357475142,261.1,2456526.74345561,teste_download/HD192310/HD192310_HARPS/ADP/ADP.2014-10-06T10:03:45.300.fits,HARPS,HD192310,-54192.999999999985
24,0.1997787295302565,0.0,0.0005035994821815552,0.12235927855201838,0.0,0.0001482038410993444,0.17868382091294743,0.0,0.00020747561895647222,190.0,2453344.51501566,teste_download/HD192310/HD192310_HARPS/ADP/ADP.2014-10-01T10:19:51.297.fits,HARPS,HD192310,-54192.999999999985
25,0.14442409280687904,0.0,0.00024371515854593894,0.11628791441495613,0.0,8.552765666938648e-05,0.18388820026777408,0.0,0.0001143920548136517,332.15,2455873.52511171,teste_download/HD192310/HD192310_HARPS/ADP/ADP.2014-09-25T15:36:28.173.fits,HARPS,HD192310,-54192.999999999985
26,0.1491333996688379,0.0,0.000411100409569647,0.11642344913098039,0.0,0.00017876746393276919,0.18532824045593996,0.0,0.00023719370571569356,167.5,2455735.84047588,teste_download/HD192310/HD192310_HARPS/ADP/ADP.2014-09-25T15:36:44.337.fits,HARPS,HD192310,-54192.999999999985
27,0.1784945505492602,0.0,0.0004583089960150225,0.12107644669054704,0.0,0.0001464229698521551,0.18217822719665033,0.0,0.00020556696804506898,192.4,2452945.49365939,teste_download/HD192310/HD192310_HARPS/ADP/ADP.2014-09-29T13:27:00.223.fits,HARPS,HD192310,-54192.999999999985
28,0.14328252023466415,0.0,0.0004122440752415317,0.11614244852292598,0.0,0.0001721193777953612,0.1815636643336523,0.0,0.0002335321067056701,165.15,2455141.49537462,teste_download/HD192310/HD192310_HARPS/ADP/ADP.2014-09-23T11:03:43.233.fits,HARPS,HD192310,-54192.999999999985
29,0.15849485485571332,0.0,0.000238702943590653,0.1187187244874983,0.0,8.879285629398715e-05,0.18521540538721434,0.0,0.00011832093644470427,326.85,2456191.54210328,teste_download/HD192310/HD192310_HARPS/ADP/ADP.2014-09-26T16:53:11.243.fits,HARPS,HD192310,-54192.999999999985
30,0.15085587832960654,0.0,0.00023058803571820486,0.11728010697446768,0.0,9.428347642793743e-05,0.18389481141218847,0.0,0.00012856515622746337,304.45,2455037.75982895,teste_download/HD192310/HD192310_HARPS/ADP/ADP.2014-09-23T11:02:23.713.fits,HARPS,HD192310,-54192.999999999985
31,0.17984941679196398,0.0,0.00036939541904379934,0.1211146496033693,0.0,0.00012987180470557834,0.1828797960443385,0.0,0.00017805745365313648,222.3,2453273.55580348,teste_download/HD192310/HD192310_HARPS/ADP/ADP.2014-10-01T10:20:41.030.fits,HARPS,HD192310,-54192.999999999985
32,0.15102283627557445,0.0,0.00022410229972500797,0.11712067159410967,0.0,8.653021408354894e-05,0.18326025542775273,0.0,0.00011884899249188961,322.65,2455037.82735179,teste_download/HD192310/HD192310_HARPS/ADP/ADP.2014-09-23T11:03:47.907.fits,HARPS,HD192310,-54192.999999999985
33,0.17569269817603206,0.0,0.00025621622538455507,0.1218823966635562,0.0,9.151525684170239e-05,0.19325231444376387,0.0,0.00011941189894290384,355.65,2457631.6900406,teste_download/HD192310/HD192310_HARPS/ADP/ADP.2016-09-01T01:03:10.382.fits,HARPS,HD192310,-54192.999999999985
34,0.1957317373343394,0.0,0.0005465157259871402,0.12136528655552342,0.0,0.00019364925199211807,0.17973948762540565,0.0,0.000264194200472896,153.95,2453484.90473281,teste_download/HD192310/HD192310_HARPS/ADP/ADP.2014-10-02T10:00:08.583.fits,HARPS,HD192310,-54192.999999999985
36,0.14796554019917643,0.0,0.00024203841351785538,0.11683047885018355,0.0,0.00012131841077837024,0.18557003334389635,0.0,0.00015973455574514218,264.1,2455404.71604117,teste_download/HD192310/HD192310_HARPS/ADP/ADP.2014-09-24T09:42:49.140.fits,HARPS,HD192310,-54192.999999999985
37,0.14401691034236255,0.0,0.0002368427829138589,0.11651414344456744,0.0,8.229610532628238e-05,0.18319113251043245,0.0,0.0001100331612775325,344.2,2455836.5546205,teste_download/HD192310/HD192310_HARPS/ADP/ADP.2014-09-25T15:37:13.980.fits,HARPS,HD192310,-54192.999999999985
38,0.17123203167871442,0.0,0.0004835478668200089,0.12113453816089698,0.0,0.00016481809965844426,0.18482267285704945,0.0,0.0002200127297163477,167.65,2456400.89851467,teste_download/HD192310/HD192310_HARPS/ADP/ADP.2014-10-06T10:07:18.847.fits,HARPS,HD192310,-54192.999999999985
39,0.19234239417798984,0.0,0.00045459509025946984,0.12385829140151439,0.0,0.00014113886625760418,0.1932112692408038,0.0,0.00018600538261530488,214.35,2457199.88553598,teste_download/HD192310/HD192310_HARPS/ADP/ADP.2015-06-26T23:55:29.007.fits,HARPS,HD192310,-54192.999999999985
40,0.19943643832770136,0.0,0.00035894552165846897,0.12372544789292045,0.0,0.0001095545556440723,0.18542480263187242,0.0,0.0001425669460888134,265.2,2456922.68525246,teste_download/HD192310/HD192310_HARPS/ADP/ADP.2014-10-07T13:37:20.683.fits,HARPS,HD192310,-54192.999999999985
41,0.14487377808485194,0.0,0.0001898201964949936,0.11648782048847292,0.0,8.128899776054287e-05,0.18334693115192477,0.0,0.00010564728262183109,383.85,2455834.59356157,teste_download/HD192310/HD192310_HARPS/ADP/ADP.2014-09-25T15:34:18.903.fits,HARPS,HD192310,-54192.999999999985
42,0.19269648971480446,0.0,0.0011898596705338976,0.12202555564552353,0.0,0.0003717817620136011,0.1830148656435383,0.0,0.0005187682806694938,73.2,2453291.50780651,teste_download/HD192310/HD192310_HARPS/ADP/ADP.2014-10-01T10:21:13.020.fits,HARPS,HD192310,-54192.999999999985
43,0.19627407884279324,0.0,0.00048202274058234607,0.12135888851338199,0.0,0.00016887867600276155,0.17943040563017706,0.0,0.00023081393712622402,175.9,2453484.90136442,teste_download/HD192310/HD192310_HARPS/ADP/ADP.2014-10-02T10:02:35.753.fits,HARPS,HD192310,-54192.999999999985
44,0.1475730387296676,0.0,0.0003413297460061378,0.11656701153804255,0.0,0.0001302606047516982,0.18438330383799928,0.0,0.0001774147546751007,212.05,2455770.66850202,teste_download/HD192310/HD192310_HARPS/ADP/ADP.2014-09-25T15:34:50.990.fits,HARPS,HD192310,-54192.999999999985
45,0.14377764104613697,0.0,0.0002796800777415681,0.11590109567586834,0.0,0.00011946190526000284,0.18428154634541596,0.0,0.00016209407190334628,245.8,2455099.67503342,teste_download/HD192310/HD192310_HARPS/ADP/ADP.2014-09-23T11:05:26.727.fits,HARPS,HD192310,-54192.999999999985
46,0.14140792425857857,0.0,0.0003101016531451933,0.11610434138015295,0.0,0.00011525352499535393,0.18314143048441894,0.0,0.0001545150107562709,247.4,2455501.57081797,teste_download/HD192310/HD192310_HARPS/ADP/ADP.2014-09-24T09:44:32.797.fits,HARPS,HD192310,-54192.999999999985
47,0.18757354462550066,0.0,0.0003679036064697188,0.12323332494665643,0.0,0.00011753850817173468,0.1860366696157332,0.0,0.0001539070188145117,245.5,2456526.74908034,teste_download/HD192310/HD192310_HARPS/ADP/ADP.2014-10-06T10:04:41.393.fits,HARPS,HD192310,-54192.999999999985
48,0.1663022561499496,0.0,0.0005748271453307097,0.12012488569608429,0.0,0.00019951979619665713,0.1866877691063177,0.0,0.00026606873796597273,141.55,2456476.8781406,teste_download/HD192310/HD192310_HARPS/ADP/ADP.2014-10-06T10:06:06.507.fits,HARPS,HD192310,-54192.999999999985
49,0.17750715098551015,0.0,0.00031993344810857445,0.12066715136768513,0.0,0.00010468096882532194,0.18690211137138094,0.0,0.00014148886387843984,263.8,2456533.48388381,teste_download/HD192310/HD192310_HARPS/ADP/ADP.2014-10-06T10:06:20.653.fits,HARPS,HD192310,-54192.999999999985
50,0.1606238697203627,0.0,0.00033968296988227644,0.11913094364382107,0.0,0.00012622324293040543,0.18555858316465537,0.0,0.0001657809514028885,234.95,2456061.93728903,teste_download/HD192310/HD192310_HARPS/ADP/ADP.2014-09-26T16:51:53.370.fits,HARPS,HD192310,-54192.999999999985
51,0.16776371045718685,0.0,0.0006162418254055465,0.1201017594380042,0.0,0.0002169883522692332,0.18687058192354514,0.0,0.00028929490685830226,130.9,2456476.87221449,teste_download/HD192310/HD192310_HARPS/ADP/ADP.2014-10-06T10:05:22.790.fits,HARPS,HD192310,-54192.999999999985
52,0.16721613614284836,0.0,0.0004364084278526215,0.12091495829130945,0.0,0.00018590510326476606,0.19219992566689442,0.0,0.00024193905187628887,181.5,2457662.58030389,teste_download/HD192310/HD192310_HARPS/ADP/ADP.2016-10-02T01:02:55.827.fits,HARPS,HD192310,-54192.999999999985
53,0.17396452496243497,0.0,0.00023041920808967162,0.12051716296112631,0.0,7.698001754554053e-05,0.18407538068464585,0.0,0.00010022593771683731,376.25,2456452.90884155,teste_download/HD192310/HD192310_HARPS/ADP/ADP.2014-10-06T10:05:52.900.fits,HARPS,HD192310,-54192.999999999985
54,0.18792627838054887,0.0,0.00039522863647597464,0.12325582186808438,0.0,0.00012738275059713525,0.18608985594077737,0.0,0.00016738964911549244,224.9,2456870.78422412,teste_download/HD192310/HD192310_HARPS/ADP/ADP.2014-10-07T08:35:49.907.fits,HARPS,HD192310,-54192.999999999985
55,0.19846705528272318,0.0,0.0004220537846110317,0.1236291253322432,0.0,0.00013161986760392325,0.18643673445463296,0.0,0.00017310728895432174,218.95,2456924.66762861,teste_download/HD192310/HD192310_HARPS/ADP/ADP.2014-10-07T13:37:18.477.fits,HARPS,HD192310,-54192.999999999985
56,0.18005169788818465,0.0,0.0003832539895533988,0.12078762146543691,0.0,0.00013548503851250435,0.18322564869726796,0.0,0.00018617917520946022,213.25,2453273.55959945,teste_download/HD192310/HD192310_HARPS/ADP/ADP.2014-10-01T10:20:18.250.fits,HARPS,HD192310,-54192.999999999985
57,0.1429061250384309,0.0,0.0002765902075300248,0.11698735934456041,0.0,9.657956270649541e-05,0.18374764346149342,0.0,0.0001286025122424817,294.85,2455871.537629,teste_download/HD192310/HD192310_HARPS/ADP/ADP.2014-09-25T15:33:09.983.fits,HARPS,HD192310,-54192.999999999985
58,0.15715655551332236,0.0,0.00028575297332081697,0.11869074492544043,0.0,0.00010591779853421524,0.18545581153342938,0.0,0.00014030621127140183,276.7,2456220.52560664,teste_download/HD192310/HD192310_HARPS/ADP/ADP.2014-09-26T16:52:29.273.fits,HARPS,HD192310,-54192.999999999985
59,0.16568451136286247,0.0,0.0005928260297063901,0.11979837915060701,0.0,0.00021343744389584084,0.18731542345468694,0.0,0.00028438761803055,134.5,2456476.86934403,teste_download/HD192310/HD192310_HARPS/ADP/ADP.2014-10-06T10:06:21.340.fits,HARPS,HD192310,-54192.999999999985
60,0.14848061624577058,0.0,0.00022465120623121532,0.1158392867051262,0.0,9.636492402570808e-05,0.18470803850330644,0.0,0.0001312283233232053,304.55,2455024.84360416,teste_download/HD192310/HD192310_HARPS/ADP/ADP.2014-09-23T11:05:19.010.fits,HARPS,HD192310,-54192.999999999985
61,0.15418418722422925,0.0,0.0002560206269878179,0.11822973778263214,0.0,9.128746694927358e-05,0.18521580958703265,0.0,0.00012131204175633951,314.55,2456117.80564263,teste_download/HD192310/HD192310_HARPS/ADP/ADP.2014-09-26T16:54:01.760.fits,HARPS,HD192310,-54192.999999999985
62,0.14498155049321326,0.0,0.00024576459035114046,0.11649819994336688,0.0,9.377873466171374e-05,0.18453376593711565,0.0,0.00012654199953341018,303.55,2455806.65295873,teste_download/HD192310/HD192310_HARPS/ADP/ADP.2014-09-25T15:32:39.760.fits,HARPS,HD192310,-54192.999999999985
63,0.1472996617058061,0.0,0.0003347808862924735,0.11674166548293977,0.0,0.00012146098858146585,0.18523673867770982,0.0,0.00016764550466836177,222.85,2455803.48449381,teste_download/HD192310/HD192310_HARPS/ADP/ADP.2014-09-25T15:37:24.853.fits,HARPS,HD192310,-54192.999999999985
64,0.16324636051244082,0.0,0.0005242659376451193,0.11956114036505228,0.0,0.00019503669294159356,0.18456391313490403,0.0,0.00027085468734953694,144.7,2454316.76128171,teste_download/HD192310/HD192310_HARPS/ADP/ADP.2014-09-17T11:23:58.840.fits,HARPS,HD192310,-54192.999999999985
65,0.14477783215210818,0.0,0.00028611325558639445,0.11669448078679424,0.0,0.00011296064901925249,0.18439856924040315,0.0,0.00015318523356639386,255.0,2455376.77166247,teste_download/HD192310/HD192310_HARPS/ADP/ADP.2014-09-24T09:41:54.237.fits,HARPS,HD192310,-54192.999999999985
66,0.17258003808701322,0.0,0.0003593739340994258,0.12019505330159114,0.0,0.00013317374587989674,0.18486126066742414,0.0,0.0001741040101390412,222.25,2456454.85676635,teste_download/HD192310/HD192310_HARPS/ADP/ADP.2014-10-06T10:08:00.417.fits,HARPS,HD192310,-54192.999999999985
67,0.14636480789006737,0.0,0.0003293966471935764,0.11655293018367649,0.0,0.0001413785675513031,0.18439990724875271,0.0,0.00019188055030528505,206.8,2455045.79406838,teste_download/HD192310/HD192310_HARPS/ADP/ADP.2014-09-23T11:05:54.043.fits,HARPS,HD192310,-54192.999999999985
68,0.14636396833554102,0.0,0.0003644268906644008,0.11718068936107379,0.0,0.00013431403952665714,0.18533302183837663,0.0,0.00017979309480448192,213.1,2455783.78428182,teste_download/HD192310/HD192310_HARPS/ADP/ADP.2014-09-25T15:34:37.963.fits,HARPS,HD192310,-54192.999999999985
69,0.19333645083752315,0.0,0.0011119290249314393,0.12206588133736773,0.0,0.0003630029518450383,0.18218749635326054,0.0,0.0005013448204251455,76.95,2453291.50887122,teste_download/HD192310/HD192310_HARPS/ADP/ADP.2014-10-01T10:23:28.007.fits,HARPS,HD192310,-54192.999999999985
70,0.18684574650110294,0.0,0.00022513387564731667,0.12354314666779531,0.0,8.73584989210725e-05,0.19260582988257405,0.0,0.0001127826501023522,379.15,2457221.65941173,teste_download/HD192310/HD192310_HARPS/ADP/ADP.2015-07-19T23:55:45.717.fits,HARPS,HD192310,-54192.999999999985
71,0.1563056303518042,0.0,0.0003801810484903245,0.11815305871112453,0.0,0.00014619894710435284,0.18307508267314812,0.0,0.00019976765860567857,194.0,2454683.73450185,teste_download/HD192310/HD192310_HARPS/ADP/ADP.2014-09-18T12:11:44.470.fits,HARPS,HD192310,-54192.999999999985
72,0.1902755043002855,0.0,0.0002970421442441843,0.12325567513161881,0.0,0.0001005180610965495,0.1868493866476492,0.0,0.00013014158234585384,297.8,2456874.69449801,teste_download/HD192310/HD192310_HARPS/ADP/ADP.2014-10-07T08:34:58.197.fits,HARPS,HD192310,-54192.999999999985
73,0.18867687375620995,0.0,0.0003413393483100322,0.12412659062453184,0.0,9.933680208392624e-05,0.19160712720503995,0.0,0.00013143787293733357,295.65,2457211.8997189,teste_download/HD192310/HD192310_HARPS/ADP/ADP.2015-07-08T23:55:37.013.fits,HARPS,HD192310,-54192.999999999985
74,0.1437088030463454,0.0,0.00024656997477060053,0.11668795902744289,0.0,8.531205451597794e-05,0.18350504787721278,0.0,0.00011417217271771997,329.9,2455834.68030137,teste_download/HD192310/HD192310_HARPS/ADP/ADP.2014-09-25T15:35:49.657.fits,HARPS,HD192310,-54192.999999999985
75,0.14761696270591917,0.0,0.00026416096345059946,0.11692562544438091,0.0,0.00011432810807222191,0.18447969972295658,0.0,0.00015249266787068164,261.6,2455404.76201305,teste_download/HD192310/HD192310_HARPS/ADP/ADP.2014-09-24T09:41:52.383.fits,HARPS,HD192310,-54192.999999999985
76,0.1552357488317371,0.0,0.00036236038907709557,0.11863214639760258,0.0,0.00015005221863095976,0.18379515350575346,0.0,0.00020456512765572231,193.1,2454683.6462284,teste_download/HD192310/HD192310_HARPS/ADP/ADP.2014-09-18T12:14:05.350.fits,HARPS,HD192310,-54192.999999999985
77,0.14605326899159152,0.0,0.00036468431475555484,0.11702699700603247,0.0,0.00013222798519294188,0.18480842297223304,0.0,0.00017705773475175265,215.35,2455783.78040462,teste_download/HD192310/HD192310_HARPS/ADP/ADP.2014-09-25T15:33:12.923.fits,HARPS,HD192310,-54192.999999999985
78,0.14757801189882344,0.0,0.00028807683333091053,0.11629344567206328,0.0,0.00011716359560548666,0.18520198726937043,0.0,0.0001584453055342962,247.8,2455446.62442962,teste_download/HD192310/HD192310_HARPS/ADP/ADP.2014-09-24T09:42:30.230.fits,HARPS,HD192310,-54192.999999999985
79,0.14432036593045347,0.0,0.000371770543065224,0.11657054927725127,0.0,0.00015263984800506988,0.1841791675098129,0.0,0.0002061289389501976,185.05,2455727.7995221,teste_download/HD192310/HD192310_HARPS/ADP/ADP.2014-09-25T15:35:23.940.fits,HARPS,HD192310,-54192.999999999985
80,0.17208780228022513,0.0,0.00023195118085470268,0.12069630899091721,0.0,8.764577046651008e-05,0.1872272794644591,0.0,0.00011363306000350148,349.25,2456435.94793943,teste_download/HD192310/HD192310_HARPS/ADP/ADP.2014-10-06T10:05:46.650.fits,HARPS,HD192310,-54192.999999999985
81,0.18732017684772326,0.0,0.00031021382520133797,0.1236857184038863,0.0,9.484233484840014e-05,0.19213816876177245,0.0,0.00012430576334392278,320.7,2457212.86075958,teste_download/HD192310/HD192310_HARPS/ADP/ADP.2015-07-09T23:55:33.130.fits,HARPS,HD192310,-54192.999999999985
82,0.17114858549015144,0.0,0.0003727751853238601,0.12059212904936477,0.0,0.0001310532444852011,0.18574783270384723,0.0,0.00017146111516852595,225.05,2456536.68383053,teste_download/HD192310/HD192310_HARPS/ADP/ADP.2014-10-06T10:05:20.077.fits,HARPS,HD192310,-54192.999999999985
83,0.16459661419698113,0.0,0.0004476953122194535,0.12086264757533141,0.0,0.00015059496800956106,0.19186780093361777,0.0,0.00020037399280339145,204.4,2457662.66697415,teste_download/HD192310/HD192310_HARPS/ADP/ADP.2016-10-02T01:02:55.841.fits,HARPS,HD192310,-54192.999999999985
84,0.14452827011704056,0.0,0.00023933580964084094,0.11681710115925846,0.0,8.228825099840173e-05,0.18263316855415895,0.0,0.0001097387626868843,343.45,2455837.57522057,teste_download/HD192310/HD192310_HARPS/ADP/ADP.2014-09-25T15:37:09.110.fits,HARPS,HD192310,-54192.999999999985
85,0.14683949276523395,0.0,0.00033069787281015436,0.11648921884350683,0.0,0.000127976724631261,0.18407968406004524,0.0,0.00017387418959458018,217.1,2455770.66465946,teste_download/HD192310/HD192310_HARPS/ADP/ADP.2014-09-25T15:37:26.680.fits,HARPS,HD192310,-54192.999999999985
86,0.16248759251623934,0.0,0.000536398944099893,0.11974009615439332,0.0,0.00020167877755680839,0.1845163996011497,0.0,0.0002794759964892208,140.55,2454316.75776326,teste_download/HD192310/HD192310_HARPS/ADP/ADP.2014-09-17T11:20:41.990.fits,HARPS,HD192310,-54192.999999999985
87,0.14818547096725473,0.0,0.00027337162124544344,0.11648119743568591,0.0,0.00011497562894159701,0.184058267434985,0.0,0.0001551296693514615,254.1,2455353.82758,teste_download/HD192310/HD192310_HARPS/ADP/ADP.2014-09-24T09:42:59.627.fits,HARPS,HD192310,-54192.999999999985
88,0.16496571540319468,0.0,0.00030522389896309925,0.12040598158670586,0.0,8.632590823509167e-05,0.19149566353673708,0.0,0.00011742783071610487,327.65,2457655.65788058,teste_download/HD192310/HD192310_HARPS/ADP/ADP.2016-09-25T01:03:03.645.fits,HARPS,HD192310,-54192.999999999985
89,0.19690158480059536,0.0,0.0003682422044710983,0.12293436607036329,0.0,0.00012809714088680318,0.18324042827027887,0.0,0.00017584257429818716,229.85,2453492.89054212,teste_download/HD192310/HD192310_HARPS/ADP/ADP.2014-10-02T10:02:07.593.fits,HARPS,HD192310,-54192.999999999985
90,0.16527936079320482,0.0,0.0002413463092642077,0.11895567273749628,0.0,9.607647670099627e-05,0.18472863435527673,0.0,0.00012704005589185083,307.15,2456081.79037635,teste_download/HD192310/HD192310_HARPS/ADP/ADP.2014-09-26T16:54:35.830.fits,HARPS,HD192310,-54192.999999999985
91,0.14739863478175724,0.0,0.00023128090357240016,0.11745601334947596,0.0,8.526830792564875e-05,0.18330942991577293,0.0,0.00011334793277563444,339.8,2455840.53406397,teste_download/HD192310/HD192310_HARPS/ADP/ADP.2014-09-25T15:36:19.463.fits,HARPS,HD192310,-54192.999999999985
92,0.16069671449846346,0.0,0.00032482098388613166,0.1189059158758563,0.0,0.00012928237060909353,0.18630532122298943,0.0,0.0001704565468132833,231.4,2456149.74575439,teste_download/HD192310/HD192310_HARPS/ADP/ADP.2014-09-26T16:52:59.443.fits,HARPS,HD192310,-54192.999999999985
93,0.19639418191007868,0.0,0.0003865555771144183,0.12323420855710779,0.0,0.0001340200580064958,0.18333180399667248,0.0,0.00018401867561089434,219.15,2453492.88697697,teste_download/HD192310/HD192310_HARPS/ADP/ADP.2014-10-02T09:59:25.903.fits,HARPS,HD192310,-54192.999999999985
94,0.19729523229153922,0.0,0.000392833730749116,0.12408561578482752,0.0,0.00014640952466402117,0.19360253987219922,0.0,0.00019021114432380822,223.85,2457203.72858084,teste_download/HD192310/HD192310_HARPS/ADP/ADP.2015-06-30T23:55:34.443.fits,HARPS,HD192310,-54192.999999999985
95,0.18003315577616863,0.0,0.00029371918444155747,0.12078840071747964,0.0,0.0001005411696382443,0.187257410084428,0.0,0.00013181870295990732,293.15,2456858.79150342,teste_download/HD192310/HD192310_HARPS/ADP/ADP.2014-10-07T08:34:30.047.fits,HARPS,HD192310,-54192.999999999985
96,0.14588921208058897,0.0,0.00020497892231040934,0.11695431185356059,0.0,8.232795101474718e-05,0.18407855414061836,0.0,0.00010881842658860495,361.95,2455414.7460717,teste_download/HD192310/HD192310_HARPS/ADP/ADP.2014-09-24T09:44:40.403.fits,HARPS,HD192310,-54192.999999999985
97,0.19051066290424917,0.0,0.0007816457331794465,0.12169114598898849,0.0,0.00028118901276716834,0.18036740828013384,0.0,0.0003833578351715859,106.0,2453484.90852947,teste_download/HD192310/HD192310_HARPS/ADP/ADP.2014-10-02T10:03:12.733.fits,HARPS,HD192310,-54192.999999999985
98,0.1460593005702301,0.0,0.00022998611931731032,0.11635794175868024,0.0,8.757214508501968e-05,0.1837541710570445,0.0,0.00011979706711528218,314.8,2455413.63778662,teste_download/HD192310/HD192310_HARPS/ADP/ADP.2014-09-24T09:42:29.970.fits,HARPS,HD192310,-54192.999999999985
99,0.14363094218390984,0.0,0.00026534870506745163,0.1165456516999189,0.0,0.00011867912095611019,0.18438047861736145,0.0,0.0001603283563267922,251.05,2455098.6052425,teste_download/HD192310/HD192310_HARPS/ADP/ADP.2014-09-23T11:05:25.613.fits,HARPS,HD192310,-54192.999999999985
100,0.19652098311032712,0.0,0.00039094772994801734,0.12441815096195702,0.0,0.00014596484230767806,0.19417506267571016,0.0,0.00018966350155415253,224.75,2457203.72481912,teste_download/HD192310/HD192310_HARPS/ADP/ADP.2015-06-30T23:55:34.140.fits,HARPS,HD192310,-54192.999999999985
101,0.1695599871453896,0.0,0.00047868147427090565,0.11987945575081413,0.0,0.00015315957781801855,0.18549467762073404,0.0,0.00020757283930086578,173.7,2456398.86603531,teste_download/HD192310/HD192310_HARPS/ADP/ADP.2014-10-06T10:03:43.220.fits,HARPS,HD192310,-54192.999999999985
102,0.14630163030971255,0.0,0.00040128704788319774,0.11683386133205438,0.0,0.00014302539021228855,0.18439836313004937,0.0,0.00019466382507548388,190.5,2455770.83633624,teste_download/HD192310/HD192310_HARPS/ADP/ADP.2014-09-25T15:32:40.367.fits,HARPS,HD192310,-54192.999999999985
103,0.15560833933027945,0.0,0.0003522036944261129,0.118598549896958,0.0,0.00014282639272150848,0.18415498871381625,0.0,0.00019568374009617265,201.2,2454683.59582445,teste_download/HD192310/HD192310_HARPS/ADP/ADP.2014-09-18T12:12:29.447.fits,HARPS,HD192310,-54192.999999999985
104,0.17422219147964565,0.0,0.00026820641375487346,0.12077228425205092,0.0,0.00010484437006607484,0.1868718975106465,0.0,0.0001370977790968792,289.85,2456437.90503271,teste_download/HD192310/HD192310_HARPS/ADP/ADP.2014-10-06T10:06:23.527.fits,HARPS,HD192310,-54192.999999999985
105,0.16094666323728973,0.0,0.0002850745756166415,0.11874022648013505,0.0,0.00010747252265747896,0.18532790253716566,0.0,0.0001417654221946749,276.9,2456186.59253287,teste_download/HD192310/HD192310_HARPS/ADP/ADP.2014-09-26T16:51:15.803.fits,HARPS,HD192310,-54192.999999999985
106,0.16268533447949685,0.0,0.0003006630638295843,0.11981603855482588,0.0,9.010206624136013e-05,0.19161232115024793,0.0,0.00012200183919953578,322.4,2457661.65747192,teste_download/HD192310/HD192310_HARPS/ADP/ADP.2016-10-01T01:04:26.767.fits,HARPS,HD192310,-54192.999999999985
107,0.15717984017417871,0.0,0.0003478790853472093,0.11875653186843493,0.0,0.00012565244369368568,0.1851968950331407,0.0,0.00016786966815366633,227.55,2456220.57556698,teste_download/HD192310/HD192310_HARPS/ADP/ADP.2014-09-26T16:51:20.850.fits,HARPS,HD192310,-54192.999999999985
108,0.19676719236577372,0.0,0.00036709290798476324,0.12285973864972338,0.0,0.00012847581656313467,0.1833030938546911,0.0,0.00017621610505036688,229.9,2453492.89408413,teste_download/HD192310/HD192310_HARPS/ADP/ADP.2014-10-02T09:59:46.813.fits,HARPS,HD192310,-54192.999999999985
109,0.16979733187809823,0.0,0.00025511199731796734,0.12070774191492233,0.0,7.883774564052792e-05,0.19270140839076505,0.0,0.00010475991738940968,388.8,2457623.66179629,teste_download/HD192310/HD192310_HARPS/ADP/ADP.2016-08-24T01:03:42.543.fits,HARPS,HD192310,-54192.999999999985
110,0.1796004173369316,0.0,0.0003663770806468867,0.12109421217166778,0.0,0.00012887003730686607,0.1829968376253392,0.0,0.00017697533586896258,223.7,2453273.55200752,teste_download/HD192310/HD192310_HARPS/ADP/ADP.2014-10-01T10:23:06.570.fits,HARPS,HD192310,-54192.999999999985
111,0.1596897243096307,0.0,0.00029194360566942175,0.11917468865380951,0.0,0.00010302450446529577,0.18442168812763504,0.0,0.0001365671578270163,278.9,2456190.56995111,teste_download/HD192310/HD192310_HARPS/ADP/ADP.2014-09-26T16:52:30.637.fits,HARPS,HD192310,-54192.999999999985
112,0.18475817819218845,0.0,0.0004470575564365219,0.12234606262904532,0.0,0.0001531415397196287,0.18697266916946478,0.0,0.00020187881958383153,190.2,2456936.56700956,teste_download/HD192310/HD192310_HARPS/ADP/ADP.2014-10-07T14:31:22.823.fits,HARPS,HD192310,-54192.999999999985
113,0.18691778714270516,0.0,0.0002790770632037108,0.12266977873394745,0.0,9.307482357640813e-05,0.19216652018477365,0.0,0.00012146161797937021,342.2,2457263.63593598,teste_download/HD192310/HD192310_HARPS/ADP/ADP.2015-08-29T23:55:42.030.fits,HARPS,HD192310,-54192.999999999985
114,0.18302503785280927,0.0,0.00040933410909429005,0.12095626845567964,0.0,0.00014513095259429708,0.18632582208265802,0.0,0.00019205347155790327,198.3,2456805.79080124,teste_download/HD192310/HD192310_HARPS/ADP/ADP.2014-10-07T08:35:06.967.fits,HARPS,HD192310,-54192.999999999985
115,0.1963421220270217,0.0,0.0011952956427976147,0.12238933586935793,0.0,0.0003820898240316048,0.18243927578351962,0.0,0.0005289646958424304,72.45,2453291.50993593,teste_download/HD192310/HD192310_HARPS/ADP/ADP.2014-10-01T10:21:23.710.fits,HARPS,HD192310,-54192.999999999985
116,0.14492010580720197,0.0,0.00024927042567587064,0.11679645191755175,0.0,0.00010768798065947287,0.18486424653724345,0.0,0.0001424137792805438,282.95,2455495.52970058,teste_download/HD192310/HD192310_HARPS/ADP/ADP.2014-09-24T09:42:18.770.fits,HARPS,HD192310,-54192.999999999985
117,0.16391133501374736,0.0,0.0005082404453950499,0.11931677723669362,0.0,0.000189202380487656,0.18445592905370156,0.0,0.00026265841303704595,149.4,2454316.76483488,teste_download/HD192310/HD192310_HARPS/ADP/ADP.2014-09-17T11:24:16.163.fits,HARPS,HD192310,-54192.999999999985
118,0.18800409306507385,0.0,0.00029714089996142314,0.12224940282220932,0.0,0.00010854366894338405,0.18618182137761335,0.0,0.0001393557212469197,283.0,2456827.85348497,teste_download/HD192310/HD192310_HARPS/ADP/ADP.2014-10-07T08:35:09.660.fits,HARPS,HD192310,-54192.999999999985
119,0.1765417126829744,0.0,0.00024391207811111292,0.12123665627531834,0.0,9.265307957329643e-05,0.19344991560678534,0.0,0.00012165028902991136,348.9,2457252.65405199,teste_download/HD192310/HD192310_HARPS/ADP/ADP.2015-08-18T23:55:51.817.fits,HARPS,HD192310,-54192.999999999985
120,0.15877452594594438,0.0,0.00042580544467553665,0.11922960665425464,0.0,0.00015121750154264778,0.18592131482460852,0.0,0.00020043600699674104,190.95,2456166.72795411,teste_download/HD192310/HD192310_HARPS/ADP/ADP.2014-09-26T16:53:35.353.fits,HARPS,HD192310,-54192.999999999985
121,0.14218691284206358,0.0,0.00028390369428655306,0.11602256245045227,0.0,0.00010674089467400866,0.18280083607443914,0.0,0.00014229262128847778,270.5,2455501.52283656,teste_download/HD192310/HD192310_HARPS/ADP/ADP.2014-09-24T09:42:01.940.fits,HARPS,HD192310,-54192.999999999985
122,0.1460452324736341,0.0,0.0003199688682160492,0.1168218267361116,0.0,0.0001260060474983664,0.18571179799221627,0.0,0.00017128760819744721,226.45,2455446.71999012,teste_download/HD192310/HD192310_HARPS/ADP/ADP.2014-09-24T09:41:53.430.fits,HARPS,HD192310,-54192.999999999985
123,0.14867804940985585,0.0,0.00021302552578414283,0.11697415200089332,0.0,8.489223865106397e-05,0.18137980862250602,0.0,0.00011496019280067317,335.35,2455116.61722996,teste_download/HD192310/HD192310_HARPS/ADP/ADP.2014-09-23T11:00:42.583.fits,HARPS,HD192310,-54192.999999999985
124,0.1419503192609898,0.0,0.0002797505960102699,0.1163569867805162,0.0,0.00010738064112439833,0.18334202294141042,0.0,0.00014285107071610215,271.65,2455501.52670192,teste_download/HD192310/HD192310_HARPS/ADP/ADP.2014-09-24T09:41:58.807.fits,HARPS,HD192310,-54192.999999999985
125,0.17662294237113332,0.0,0.0003173724234326428,0.12136371469480806,0.0,0.0001035181137215134,0.18557620998057894,0.0,0.00013751894795125506,271.2,2456441.88458392,teste_download/HD192310/HD192310_HARPS/ADP/ADP.2014-10-06T10:07:31.500.fits,HARPS,HD192310,-54192.999999999985
126,0.14719721891131035,0.0,0.0003060664104445507,0.11642950479422975,0.0,0.00011898802913075503,0.18484142931409694,0.0,0.0001636469424617182,232.4,2455446.51448353,teste_download/HD192310/HD192310_HARPS/ADP/ADP.2014-09-24T09:44:38.053.fits,HARPS,HD192310,-54192.999999999985
127,0.19740590944867445,0.0,0.00032673363112062343,0.12368906915073195,0.0,9.977731861079259e-05,0.1854451814989992,0.0,0.0001299344629164415,291.6,2456926.65339242,teste_download/HD192310/HD192310_HARPS/ADP/ADP.2014-10-07T13:37:24.287.fits,HARPS,HD192310,-54192.999999999985
128,0.1558030346146802,0.0,0.000399131517053077,0.1187281928529467,0.0,0.00013730134161870234,0.18436463963872643,0.0,0.0001820311712227946,207.65,2456219.58457704,teste_download/HD192310/HD192310_HARPS/ADP/ADP.2014-09-26T16:51:34.553.fits,HARPS,HD192310,-54192.999999999985
129,0.1922285368079277,0.0,0.0002930077776177012,0.12365938410175464,0.0,9.175095007113303e-05,0.1925711857977951,0.0,0.00012007564386640474,339.0,2457267.73233292,teste_download/HD192310/HD192310_HARPS/ADP/ADP.2015-09-03T23:56:05.017.fits,HARPS,HD192310,-54192.999999999985
130,0.19189108554857293,0.0,0.00035219817975633305,0.12301246958848801,0.0,0.0001258446864169586,0.18685894602483566,0.0,0.0001629456276112523,243.15,2456932.56317085,teste_download/HD192310/HD192310_HARPS/ADP/ADP.2014-10-07T14:31:22.670.fits,HARPS,HD192310,-54192.999999999985
131,0.14502426233276985,0.0,0.00026124991395899265,0.11600735192121643,0.0,9.572846707772872e-05,0.18330874395445054,0.0,0.00012955038050375595,294.1,2455492.60717745,teste_download/HD192310/HD192310_HARPS/ADP/ADP.2014-09-24T09:41:17.157.fits,HARPS,HD192310,-54192.999999999985
132,0.18905108044592267,0.0,0.000336107613302524,0.12330954927724384,0.0,0.00012082707844199625,0.18553436466235784,0.0,0.00015564554008028723,250.4,2456872.69949222,teste_download/HD192310/HD192310_HARPS/ADP/ADP.2014-10-07T08:34:37.113.fits,HARPS,HD192310,-54192.999999999985
133,0.15883571068205332,0.0,0.0004173510861656482,0.11923045466792191,0.0,0.00014646410090794719,0.1858494005276276,0.0,0.0001940251961266027,196.85,2456166.72412331,teste_download/HD192310/HD192310_HARPS/ADP/ADP.2014-09-26T16:54:12.897.fits,HARPS,HD192310,-54192.999999999985
134,0.14344149854438992,0.0,0.000409055463870269,0.11638093940325633,0.0,0.0001710584411581041,0.18202247569103594,0.0,0.00023198300521513383,166.55,2455141.49268969,teste_download/HD192310/HD192310_HARPS/ADP/ADP.2014-09-23T11:01:11.470.fits,HARPS,HD192310,-54192.999999999985
135,0.20207027482727838,0.0,0.0004866783928418751,0.12249862457443951,0.0,0.00014190660294281768,0.17845490296793154,0.0,0.00019872994840720797,197.6,2453344.51147425,teste_download/HD192310/HD192310_HARPS/ADP/ADP.2014-10-01T10:20:50.233.fits,HARPS,HD192310,-54192.999999999985
136,0.15594715769420864,0.0,0.0002614539977076181,0.11798650533619659,0.0,9.480350719106266e-05,0.18528497439314695,0.0,0.0001255409328138916,306.25,2456118.83597613,teste_download/HD192310/HD192310_HARPS/ADP/ADP.2014-09-26T16:51:18.570.fits,HARPS,HD192310,-54192.999999999985
137,0.18009261767184112,0.0,0.00033966104865707875,0.12147654590487997,0.0,0.00010639833261098653,0.18697608056860548,0.0,0.00014099451245636166,263.45,2456857.83850103,teste_download/HD192310/HD192310_HARPS/ADP/ADP.2014-10-07T08:35:11.107.fits,HARPS,HD192310,-54192.999999999985
138,0.1936724631182807,0.0,0.00029815956892118034,0.12449081346438826,0.0,9.732644382622532e-05,0.19325734298375158,0.0,0.00012688529453219334,326.45,2457277.67210992,teste_download/HD192310/HD192310_HARPS/ADP/ADP.2015-09-13T02:00:51.150.fits,HARPS,HD192310,-54192.999999999985
139,0.1965759684183664,0.0,0.0005647764800055787,0.12240219053181327,0.0,0.0001813060915481667,0.18240968239808436,0.0,0.0002499262700971723,157.85,2453153.92759861,teste_download/HD192310/HD192310_HARPS/ADP/ADP.2014-10-01T10:21:09.207.fits,HARPS,HD192310,-54192.999999999985
140,0.15929617711107852,0.0,0.0002361097563800239,0.11905314697962356,0.0,9.180104990896122e-05,0.1856297106729885,0.0,0.00011980288997506836,330.95,2456078.8706832,teste_download/HD192310/HD192310_HARPS/ADP/ADP.2014-09-26T16:55:13.693.fits,HARPS,HD192310,-54192.999999999985
141,0.17716808448085306,0.0,0.00020923755967055868,0.1220951400119713,0.0,8.141194105588057e-05,0.19287800149320533,0.0,0.00010606386150359689,406.6,2457632.51498962,teste_download/HD192310/HD192310_HARPS/ADP/ADP.2016-09-02T01:03:45.889.fits,HARPS,HD192310,-54192.999999999985
142,0.1831440968367894,0.0,0.0013700146565505074,0.12102701359660178,0.0,0.000531172851824272,0.18159442020344452,0.0,0.0007221263267953202,57.3,2452948.50259086,teste_download/HD192310/HD192310_HARPS/ADP/ADP.2014-09-29T13:27:20.167.fits,HARPS,HD192310,-54192.999999999985
143,0.14383114941105093,0.0,0.0002728251423820944,0.11664456314257576,0.0,9.662714706657567e-05,0.18391456961216265,0.0,0.00012885868748842386,295.7,2455871.54305672,teste_download/HD192310/HD192310_HARPS/ADP/ADP.2014-09-25T15:36:43.170.fits,HARPS,HD192310,-54192.999999999985
144,0.19297787827386725,0.0,0.0012666635667016788,0.12349860253966906,0.0,0.00039307303527609256,0.18309254788810542,0.0,0.0005459754139325992,69.25,2453291.51100064,teste_download/HD192310/HD192310_HARPS/ADP/ADP.2014-10-01T10:22:24.720.fits,HARPS,HD192310,-54192.999999999985
145,0.172965831484172,0.0,0.0002788238172942752,0.12116058659736909,0.0,8.189000902876622e-05,0.19219450763983278,0.0,0.00010951481829465316,359.8,2457253.76359962,teste_download/HD192310/HD192310_HARPS/ADP/ADP.2015-08-20T08:26:48.477.fits,HARPS,HD192310,-54192.999999999985
146,0.17254552960275643,0.0,0.000347104781119642,0.11982455878297261,0.0,0.00013389115997769943,0.18523146602371188,0.0,0.00017436523875697418,225.65,2456454.86229911,teste_download/HD192310/HD192310_HARPS/ADP/ADP.2014-10-06T10:06:39.587.fits,HARPS,HD192310,-54192.999999999985
147,0.14352973789954537,0.0,0.00024581668905624684,0.11653523588837135,0.0,0.00011049782972554433,0.18356298343506428,0.0,0.00014864514259938384,270.65,2455098.61033465,teste_download/HD192310/HD192310_HARPS/ADP/ADP.2014-09-23T11:01:49.817.fits,HARPS,HD192310,-54192.999999999985
148,0.1465543151010316,0.0,0.00031555863788913704,0.11664282468554041,0.0,0.0001342974452688154,0.18457074030681705,0.0,0.0001823163357236616,217.3,2455045.79771415,teste_download/HD192310/HD192310_HARPS/ADP/ADP.2014-09-23T11:01:17.833.fits,HARPS,HD192310,-54192.999999999985
149,0.17770808554923542,0.0,0.0007915446498354539,0.12172404920216884,0.0,0.0002840175513001745,0.18473064998760028,0.0,0.00039368925875263896,102.45,2453146.85547348,teste_download/HD192310/HD192310_HARPS/ADP/ADP.2014-10-01T10:22:22.413.fits,HARPS,HD192310,-54192.999999999985
